experiment_tag,cut_id,tool_wear,force_x_mean,force_x_std,force_x_rms,force_x_max,force_x_kurt,force_x_skew,force_x_ptp,force_y_mean,force_y_std,force_y_rms,force_y_max,force_y_kurt,force_y_skew,force_y_ptp,force_z_mean,force_z_std,force_z_rms,force_z_max,force_z_kurt,force_z_skew,force_z_ptp,vibration_x_mean,vibration_x_std,vibration_x_rms,vibration_x_max,vibration_x_kurt,vibration_x_skew,vibration_x_ptp,vibration_y_mean,vibration_y_std,vibration_y_rms,vibration_y_max,vibration_y_kurt,vibration_y_skew,vibration_y_ptp,vibration_z_mean,vibration_z_std,vibration_z_rms,vibration_z_max,vibration_z_kurt,vibration_z_skew,vibration_z_ptp,acoustic_emission_rms_mean,acoustic_emission_rms_std,acoustic_emission_rms_rms,acoustic_emission_rms_max,acoustic_emission_rms_kurt,acoustic_emission_rms_skew,acoustic_emission_rms_ptp,RUL,stage_label
c1,13,0.07606162381,4.6073818181818185,3.1530459616112574,5.582980033507684,13.25,-0.007878049268305709,0.6906865751902704,14.144,2.3498545454545456,6.4342403646236335,6.849909886600367,20.359,0.4560778460953241,0.4286174345299016,33.397000000000006,1.187109090909091,3.707579211059555,3.8929900590677087,10.414,-0.7799666032141777,0.4160866396898595,15.684,0.05891818181818181,0.09737445360501919,0.113811846323818,0.317,-0.05546035376944758,0.3841442261648978,0.5109999999999999,0.06686363636363636,0.08655176877271746,0.10937072069550671,0.25,-0.6943593150556517,0.12415434980750407,0.363,0.06418181818181817,0.10148024275405282,0.12007308380542847,0.299,-0.7057752637729355,0.38053552280610553,0.45099999999999996,0.12676363636363636,0.03725731832264691,0.13212542250728007,0.258,3.298367417342617,1.031149285475648,0.263,242,c1 — Début de vie
c1,128,0.1188479716999999,12.083627272727272,17.174454759565066,20.99942723872595,47.167,-0.9790522813995142,0.08856606053226346,69.19,6.5657,10.266245910794709,12.186230819696018,41.053,0.8193269124846294,0.6516276723450269,55.092999999999996,7.569290909090908,18.655001929945787,20.13214498936284,42.982,-1.1886926981068053,0.3253948883270324,65.19,-0.03582727272727273,0.10208907510697873,0.10819321941449347,0.257,-0.23995972829758205,0.33365027093412775,0.495,-0.04843636363636363,0.10968372111524094,0.11990246035840965,0.309,0.15734268815963182,-0.23465475567481833,0.521,-0.03447272727272727,0.1456900014720489,0.1497128767158839,0.425,-0.1982785037057666,0.0550774231846062,0.728,0.12149090909090905,0.028118174470210363,0.12470233649484166,0.2189999999999999,5.564006142545011,0.6299885313680235,0.2239999999999999,127,c1 — Mi-vie
c1,235,0.1635546014,18.036054054054052,45.729030287379864,49.15733370378081,104.04,-1.023788537026864,0.023371593568018507,166.31300000000002,6.7615585585585585,17.749596763182534,18.993863730068096,57.06399999999999,-0.2884433114604157,0.21715547120881054,87.88999999999999,9.972063063063064,29.40286700223259,31.047876411836686,71.805,-1.2106804012910906,0.2795295918922642,103.40400000000001,0.03359459459459461,0.2050735477110141,0.20780701806425295,0.7040000000000001,1.0207988392025493,-0.6741303210621319,1.183,0.02633333333333334,0.20022502356114247,0.20194926220341702,0.8009999999999999,2.8569866969499635,-0.669928746631237,1.532,0.05808108108108107,0.1818378713136411,0.19088851045420052,0.484,0.17943899826651588,-0.28493078489083223,0.9139999999999999,0.1519009009009009,0.039380553795069904,0.1569226296991983,0.292,6.579876966938048,0.40548350719709864,0.297,20,c1 — Fin de vie
c4,14,0.05959213275,3.0080982142857144,2.243846374610783,3.752799144590989,10.095,0.015754336770025912,0.5411676060914933,11.419,2.6734642857142856,5.13019186832884,5.785004744410945,21.307,1.1245822739992795,0.7688566735973129,28.477999999999998,1.6575892857142858,4.0217274818735085,4.349930364795674,10.804,-0.8185093226212463,0.3915989781838072,16.221,0.04324999999999999,0.061418427318563874,0.07511847784856741,0.181,-0.2731658669524477,-0.2249236669568039,0.296,0.030374999999999992,0.05409368939296761,0.062038438545331365,0.154,-0.33392922643250467,-0.2155496816394419,0.253,0.026526785714285715,0.06264881708799863,0.06803340828487973,0.163,-0.49262263248519833,-0.07736005340502626,0.277,0.11764285714285713,0.0375881956068603,0.1235018796849436,0.263,4.265397962735729,0.2795615437432442,0.267,246,c4 — Début de vie
c4,131,0.09754451915,9.6215625,11.814910032894009,15.23701296274259,35.938,-0.9090087326083456,0.17891374776108,48.468,5.945955357142857,8.366484964885185,10.26413443875253,34.159,0.8886562471321717,0.5094570456546755,49.986999999999995,6.219455357142857,14.077213017401306,15.389917195254357,35.644,-0.9866840107836881,0.546175086559998,50.566,0.011446428571428574,0.09646259816316247,0.09713935130228414,0.295,0.25770073986745246,0.4102694373617933,0.475,0.0021964285714285714,0.10224086051414799,0.10226445060304609,0.2739999999999999,-0.1139960089835097,-0.2404293110566272,0.5339999999999999,0.011169642857142862,0.13375076023768298,0.13421634321391074,0.3989999999999999,0.14988544426166772,0.17077606831868836,0.7809999999999999,0.1058392857142857,0.03487056514849609,0.11143567971832771,0.2269999999999999,3.264335252305737,0.45308606486673036,0.2309999999999999,129,c4 — Mi-vie
c4,240,0.1877347013,20.168285714285712,50.36453178655671,54.25261109598453,126.69,-0.9358571618167866,0.10208082853409238,189.306,7.799508928571428,16.359659412384048,18.123763285147803,54.002,-0.22557953724761592,0.276810819979954,79.986,10.920321428571429,31.041183618131264,32.90605568155893,73.01899999999999,-1.0598512775087083,0.45250141557748685,106.767,0.016517857142857143,0.21760846975633527,0.21823447416548494,0.983,2.5800165495064107,0.6979528163803187,1.492,0.010544642857142858,0.19476134151795227,0.19504658326373506,0.505,0.011894227139743752,-0.29268111374304107,0.935,0.024857142857142852,0.21348932965736486,0.21493155056568922,0.69,0.6271011795357082,0.32071358692585333,1.2,0.12979464285714284,0.03659970198767655,0.13485617338483247,0.256,5.7947891796581725,0.05915219145053155,0.261,20,c4 — Fin de vie
c6,15,0.07737656158,2.731618181818181,2.912757765360763,3.993231234340066,9.772,-0.7657491242295116,0.30702626212818546,12.578,3.349018181818182,5.847580951255622,6.738703566980549,20.311,0.5526831582435237,0.630270996730645,28.429000000000002,2.5415454545454543,4.72601148699478,5.366063536031536,11.64,-1.15799684744992,0.2698622975230929,17.056,0.030418181818181816,0.06368892893919231,0.07058006414381791,0.178,-0.5949780352705787,-0.27668454408675763,0.286,0.02875454545454546,0.09842405344996039,0.10253837419141273,0.253,-0.6429542577032152,0.04193094509832656,0.436,0.02402727272727272,0.10469674468247538,0.10741842570908484,0.273,-0.07921063099180703,-0.05732689389660221,0.538,0.12153636363636365,0.03743447056894032,0.12717085858296023,0.267,4.405483926036434,1.3250388732881926,0.272,275,c6 — Début de vie
c6,146,0.1253035707,11.793199999999999,14.218615721395922,18.472915288950126,44.201,-0.9048697884577868,0.2229977064430966,57.906,5.958181818181818,7.16005951115672,9.314847437388236,30.074,0.8228996945042364,0.2430797959525538,45.823,5.0397727272727275,14.986471381433619,15.811186976602704,35.332,-1.0655050024459243,0.55337486512162,51.768,0.023981818181818177,0.20220021499036236,0.20361742200866445,0.552,0.13168317857660972,-0.06133816642714515,1.053,0.02451818181818181,0.23445587806734677,0.23573438442450434,0.695,0.3831127485709498,0.05175716563075509,1.311,0.02400909090909091,0.2566953091420589,0.2578156670604372,1.057,2.295038224672088,-0.358747106842212,1.895,0.10201818181818179,0.029732437694203098,0.10626253936701902,0.236,5.536200064937864,1.5834641546324095,0.24,144,c6 — Mi-vie
c6,267,0.2310742388999999,19.867693693693692,49.564618835259445,53.39828361465368,118.86,-0.9868489478652531,0.13263072291123543,187.388,8.119315315315314,14.2790870408579,16.42606489424384,52.295,0.1480817212215917,0.5193858977200921,72.674,11.626927927927927,29.342121137703568,31.561773174219805,71.657,-0.9570828616053428,0.5879649199850259,101.464,0.058225225225225226,0.344444602815508,0.34933116273997267,1.285,0.8477511600336949,0.1473515370645906,2.0679999999999996,-0.03387387387387387,0.38890616105973214,0.3903785873244605,0.993,-0.5662571048971956,0.09371599778928104,1.9220000000000002,-0.014162162162162168,0.5917652556948383,0.5919346963007699,2.482,2.636906827542404,-0.23625078498182028,4.511,0.12712612612612612,0.033417133523404266,0.13144488105954052,0.25,5.465134166370239,0.30533282842618914,0.255,23,c6 — Fin de vie
