horiz_accel_mean,horiz_accel_std,horiz_accel_rms,horiz_accel_peak,horiz_accel_kurt,horiz_accel_skew,horiz_accel_crest_factor,vert_accel_mean,vert_accel_std,vert_accel_rms,vert_accel_peak,vert_accel_kurt,vert_accel_skew,vert_accel_crest_factor,bearing,file_index,RUL_pct
0.013280078125,0.39444337273000146,0.3946668655532473,2.432,1.7832625679874248,-0.0346503512052466,6.162159056830885,0.014664062499999997,0.37079109847526825,0.37108095267407626,1.662,0.3023094455614137,0.048183467357192436,4.47880708514767,10. FEMTO Bearing_FEMTOBearingDataSet_Test_set_Test_set_Bearing1_3,90,95.00277623542476
0.0107109375,0.34603293517253686,0.34619866609542277,1.259,0.08618672408400885,0.021124060148661826,3.6366402395466815,0.00044687499999999903,0.3230039816747379,0.32300429079967347,1.439,0.484824341515957,0.0039016255076000706,4.455049177326454,10. FEMTO Bearing_FEMTOBearingDataSet_Test_set_Test_set_Bearing1_3,901,49.97223764575236
-0.0035542968750000028,0.6515135612474612,0.6515232563121788,2.208,0.40250674713980894,-0.20037210559536744,3.3889810971567718,-0.0034933593750000004,0.32816734362921013,0.3281859366035891,1.472,0.5876382112357805,-0.10753803692496222,4.485262273069327,10. FEMTO Bearing_FEMTOBearingDataSet_Test_set_Test_set_Bearing1_3,1657,7.995558023320381
-0.010019531250000002,0.4591901588256006,0.459299458924948,1.478,-0.08287023236808677,-0.0904631480244763,3.217944134877618,0.017938671874999996,0.697589094156249,0.6978197046761971,2.383,-0.06123697469908551,0.05009446330965716,3.4149221984291223,10. FEMTO Bearing_FEMTOBearingDataSet_Test_set_Test_set_Bearing1_4,56,95.07908611599298
-0.017102734375,0.3965549132355734,0.39692354771967736,1.595,-0.061876841769771485,-0.08026925724415057,4.01840608641957,-0.020172656249999997,0.5613451797377611,0.5617075278781655,2.302,0.01755727240848115,0.05722701085539607,4.098218175383444,10. FEMTO Bearing_FEMTOBearingDataSet_Test_set_Test_set_Bearing1_4,569,50.0
0.009879296874999999,0.3802166578611866,0.38034498474657846,1.785,0.09753990273887014,0.07004053109618134,4.6931077616005235,0.011491015624999998,0.4934891857799733,0.49362295319593374,1.842,0.0013499996027803718,-0.039037095037677376,3.731593087546022,10. FEMTO Bearing_FEMTOBearingDataSet_Test_set_Test_set_Bearing1_4,1047,7.996485061511427
0.042445703125,0.37376152493347864,0.37616394728146796,1.587,0.008915769703635057,-0.050155061430235584,4.218905111638764,-0.003977343750000003,0.5226073591430227,0.5226224938650746,1.964,-0.17358144774802176,0.009354648381470099,3.7579706634422925,10. FEMTO Bearing_FEMTOBearingDataSet_Test_set_Test_set_Bearing1_5,115,95.00217296827466
-0.0030687499999999986,0.26066100163514583,0.2606790651356568,1.083,0.2185344348669105,-0.012370822551556348,4.154533849645383,-0.017431640625,0.43829452855870316,0.4386410330319942,1.761,0.30816529268453596,0.025208419751707928,4.014672288699342,10. FEMTO Bearing_FEMTOBearingDataSet_Test_set_Test_set_Bearing1_5,1151,49.97827031725337
-0.0029878906250000005,0.2549184617068525,0.2549359715877204,1.109,0.2593981186571055,-0.009659292045908215,4.350111885322572,0.024080859375000003,0.4399763773231314,0.4406348833111434,1.563,-0.013197451179946196,-0.023792813981021642,3.5471544791344316,10. FEMTO Bearing_FEMTOBearingDataSet_Test_set_Test_set_Bearing1_5,2117,7.996523250760534
